{"cameraMode":{"drawMode":0,"name":"Shaded","section":"Shading Mode"},"sceneLighting":true,"audioPlay":false,"sceneViewState":{"showFog":true,"showMaterialUpdate":true,"showSkybox":true,"showFlares":true,"showImageEffects":true,"showParticleSystems":true},"in2DMode":false,"pivot":{"x":-30.26030921936035,"y":9.841703414916993,"z":25.410070419311525},"rotation":{"x":0.04043320193886757,"y":0.9591797590255737,"z":-0.21228308975696565,"w":0.18259181082248689},"size":3.757883310317993,"orthographic":false}