{"cameraMode":{"drawMode":0,"name":"Shaded","section":"Shading Mode"},"sceneLighting":false,"audioPlay":false,"sceneViewState":{"showFog":true,"showMaterialUpdate":true,"showSkybox":false,"showFlares":true,"showImageEffects":true,"showParticleSystems":true},"in2DMode":false,"pivot":{"x":194.85000610351563,"y":46.130001068115237,"z":-41.02299880981445},"rotation":{"x":0.1346523016691208,"y":-0.7064521908760071,"z":0.1397586315870285,"w":0.6806401610374451},"size":22.0,"orthographic":false}