{"cameraMode":{"drawMode":0,"name":"Shaded","section":"Shading Mode"},"sceneLighting":true,"audioPlay":false,"sceneViewState":{"showFog":true,"showMaterialUpdate":true,"showSkybox":true,"showFlares":true,"showImageEffects":true,"showParticleSystems":true},"in2DMode":false,"pivot":{"x":-28.119150161743165,"y":7.278364181518555,"z":22.112565994262697},"rotation":{"x":0.008386115543544293,"y":-0.9699685573577881,"z":0.24077333509922028,"w":0.03375880420207977},"size":2.8578834533691408,"orthographic":false}