{"cameraMode":{"drawMode":0,"name":"Shaded","section":"Shading Mode"},"sceneLighting":true,"audioPlay":false,"sceneViewState":{"showFog":true,"showMaterialUpdate":true,"showSkybox":true,"showFlares":true,"showImageEffects":true,"showParticleSystems":true},"in2DMode":false,"pivot":{"x":-29.306976318359376,"y":0.13621467351913453,"z":17.15117835998535},"rotation":{"x":-0.05900612473487854,"y":0.9290022253990173,"z":-0.16935549676418305,"w":-0.3238087594509125},"size":2.8578834533691408,"orthographic":false}