{"cameraMode":{"drawMode":0,"name":"Shaded","section":"Shading Mode"},"sceneLighting":true,"audioPlay":false,"sceneViewState":{"showFog":true,"showMaterialUpdate":true,"showSkybox":true,"showFlares":true,"showImageEffects":true,"showParticleSystems":true},"in2DMode":false,"pivot":{"x":-31.10231590270996,"y":1.9954092502593995,"z":21.90656089782715},"rotation":{"x":0.2321849763393402,"y":0.42180272936820986,"z":-0.11264071613550186,"w":0.8692237138748169},"size":8.257885932922364,"orthographic":false}