{"cameraMode":{"drawMode":0,"name":"Shaded","section":"Shading Mode"},"sceneLighting":true,"audioPlay":false,"sceneViewState":{"showFog":true,"showMaterialUpdate":true,"showSkybox":true,"showFlares":true,"showImageEffects":true,"showParticleSystems":true},"in2DMode":false,"pivot":{"x":-25.35995864868164,"y":6.901165962219238,"z":11.579919815063477},"rotation":{"x":-0.13096493482589723,"y":0.645632803440094,"z":-0.11369887739419937,"w":-0.7437275648117065},"size":2.8578834533691408,"orthographic":false}